{
  "model_version": "v1",
  "checkpoint": "models\\nih_densenet121_bce\\v1\\best_model.pth",
  "generated": "2026-05-10T12:11:37",
  "temperature": 1.0,
  "per_label_temperatures": {
    "Atelectasis": 1.0,
    "Cardiomegaly": 1.0,
    "Consolidation": 1.011556,
    "Edema": 1.0,
    "Effusion": 1.0,
    "Emphysema": 0.901604,
    "Fibrosis": 1.0,
    "Hernia": 0.835858,
    "Infiltration": 1.0,
    "Mass": 1.0,
    "Nodule": 1.019442,
    "Pleural_Thickening": 0.977029,
    "Pneumonia": 0.95225,
    "Pneumothorax": 1.0
  },
  "per_label_isotonic": {
    "Infiltration": {
      "x": [
        0.011539175175130367,
        0.01275691669434309,
        0.014321332797408104,
        0.03161302208900452,
        0.031614817678928375,
        0.04259314760565758,
        0.04262709245085716,
        0.04322107136249542,
        0.04324693977832794,
        0.04920037090778351,
        0.04921393468976021,
        0.06514246016740799,
        0.06515626609325409,
        0.06610551476478577,
        0.06612277776002884,
        0.06740345805883408,
        0.06742475181818008,
        0.08132022619247437,
        0.08132700622081757,
        0.08344055712223053,
        0.08345798403024673,
        0.08849877864122391,
        0.08850962668657303,
        0.09348219633102417,
        0.09348895400762558,
        0.0938364788889885,
        0.09385319799184799,
        0.10148382931947708,
        0.1015196144580841,
        0.10377509891986847,
        0.10378443449735641,
        0.11050217598676682,
        0.11051265150308609,
        0.12165668606758118,
        0.12166187912225723,
        0.13030333817005157,
        0.13031603395938873,
        0.1306026577949524,
        0.13060739636421204,
        0.14729192852973938,
        0.14731796085834503,
        0.1489117443561554,
        0.1489129215478897,
        0.14923568069934845,
        0.14924317598342896,
        0.15135641396045685,
        0.1513805240392685,
        0.17356045544147491,
        0.17358826100826263,
        0.19745537638664246,
        0.1974857598543167,
        0.21498513221740723,
        0.21501775085926056,
        0.21692806482315063,
        0.2169366329908371,
        0.2313949316740036,
        0.23141027987003326,
        0.2410140335559845,
        0.24102133512496948,
        0.24262438714504242,
        0.24274496734142303,
        0.24855533242225647,
        0.24891790747642517,
        0.25045040249824524,
        0.2505396008491516,
        0.28366532921791077,
        0.283682256937027,
        0.29220741987228394,
        0.29236072301864624,
        0.3622697591781616,
        0.36230430006980896,
        0.3625767230987549,
        0.3627665638923645,
        0.3744783103466034,
        0.3745410740375519,
        0.37915387749671936,
        0.3792060315608978,
        0.47987332940101624,
        0.47989484667778015,
        0.4942323565483093,
        0.4943065643310547,
        0.5279414653778076,
        0.5279972553253174,
        0.5719409584999084,
        0.5720690488815308,
        0.7374565005302429,
        0.7380542755126953,
        0.8682733774185181,
        0.8691483736038208,
        0.8876951336860657,
        0.887835681438446,
        0.8965789675712585
      ],
      "y": [
        0.0,
        0.0,
        0.01515151560306549,
        0.01515151560306549,
        0.021978022530674934,
        0.021978022530674934,
        0.03125,
        0.03125,
        0.03947368264198303,
        0.03947368264198303,
        0.04600939154624939,
        0.04600939154624939,
        0.04918032884597778,
        0.04918032884597778,
        0.05154639109969139,
        0.05154639109969139,
        0.06133829057216644,
        0.06133829057216644,
        0.06632652878761292,
        0.06632652878761292,
        0.0791366919875145,
        0.0791366919875145,
        0.08212560415267944,
        0.08212560415267944,
        0.09677419066429138,
        0.09677419066429138,
        0.0997190997004509,
        0.0997190997004509,
        0.1071428582072258,
        0.1071428582072258,
        0.11735536903142929,
        0.11735536903142929,
        0.11764705926179886,
        0.11764705926179886,
        0.11924438923597336,
        0.11924438923597336,
        0.125,
        0.125,
        0.13929712772369385,
        0.13929712772369385,
        0.14049586653709412,
        0.14049586653709412,
        0.15000000596046448,
        0.15000000596046448,
        0.16500000655651093,
        0.16500000655651093,
        0.1680099219083786,
        0.1680099219083786,
        0.17461538314819336,
        0.17461538314819336,
        0.2058371752500534,
        0.2058371752500534,
        0.2068965584039688,
        0.2068965584039688,
        0.20705881714820862,
        0.20705881714820862,
        0.21078431606292725,
        0.21078431606292725,
        0.22857142984867096,
        0.22857142984867096,
        0.23728813230991364,
        0.23728813230991364,
        0.25,
        0.25,
        0.25847458839416504,
        0.25847458839416504,
        0.27619048953056335,
        0.27619048953056335,
        0.31348511576652527,
        0.31348511576652527,
        0.3333333432674408,
        0.3333333432674408,
        0.33870968222618103,
        0.33870968222618103,
        0.36000001430511475,
        0.36000001430511475,
        0.37528088688850403,
        0.37528088688850403,
        0.4285714328289032,
        0.4285714328289032,
        0.4336283206939697,
        0.4336283206939697,
        0.4628099203109741,
        0.4628099203109741,
        0.509036123752594,
        0.509036123752594,
        0.5272727012634277,
        0.5272727012634277,
        0.6666666865348816,
        0.6666666865348816,
        1.0,
        1.0
      ]
    },